pulled_on,posted_on,type,link,reach,saves,shares,interactions,comments,likes,hook
2026-10-11,2026-10-11,FEED,https://www.instagram.com/p/DeVtTC0DNnD/,3,0,0,1,0,1,"Jai Mata Di! Wishing you a blessed Navratri, filled with courage, joy and new be"
2026-10-11,2026-10-10,FEED,https://www.instagram.com/p/DeUQ_7Wl_rl/,11,0,0,1,0,1,Two GST dates this month. Save them before you forget.
2026-10-11,2026-10-09,FEED,https://www.instagram.com/p/DeRtzEfmL6_/,14,0,0,3,0,3,Do you need GST registration? Check these four cases before you decide.
2026-10-11,2026-10-08,REELS,https://www.instagram.com/reel/DePH6uFAV1q/,37,0,0,4,0,3,Starting a business in Pune? Here is everything you will need help with in year 
2026-10-11,2026-10-02,REELS,https://www.instagram.com/reel/Dd_K7q7yzAd/,11,0,0,1,0,1,🇮🇳✨ **Remembering the Father of the Nation – Mahatma Gandhi** ✨
2026-10-11,2026-09-21,REELS,https://www.instagram.com/reel/Ddi1_D3IB3k/,13,0,0,0,0,0,🙏✨ **Ganpati Bappa Morya!** ✨🙏
2026-10-11,2026-09-04,REELS,https://www.instagram.com/reel/Dc3Ex2FS6He/,16,0,0,2,0,2,🦚✨ **Happy Janmashtami!** ✨🦚
2026-10-11,2026-08-28,FEED,https://www.instagram.com/p/DclLJ-yCK93/,180,0,3,4,0,1,📢 **WE’RE HIRING – ACCOUNTANT!** 📊
2026-10-11,2026-08-28,REELS,https://www.instagram.com/reel/DclE_EDyoyO/,61,0,0,3,0,3,### 📌 Raksha Bandhan Caption
2026-10-11,2026-08-27,REELS,https://www.instagram.com/reel/Dci1m9fy4Pc/,44,0,0,6,0,6,More than just numbers. We’re your financial growth partners. 📊
2026-10-11,2026-08-26,REELS,https://www.instagram.com/reel/DcgQIg0Sho1/,70,0,0,4,0,4,📋 **FILING YOUR ITR? CHECK THESE 3 THINGS FIRST!**
2026-10-11,2026-08-24,REELS,https://www.instagram.com/reel/DcbEYYBygIc/,141,0,0,6,0,6,"😂 **“CA, I have one small question…”**"
2026-10-11,2026-08-22,REELS,https://www.instagram.com/reel/DcVn9pVy-iI/,121,2,0,6,0,4,🚨 **5 GST MISTAKES BUSINESSES SHOULD AVOID**
2026-10-11,2024-10-15,FEED,https://www.instagram.com/p/DBJRW9yqdCH/,36,0,0,3,0,3,"📄 Register Your Company, Secure Your Future 📄"
2026-10-11,2024-10-14,REELS,https://www.instagram.com/reel/DBFurepqLhj/,40,0,0,3,0,3,“Got an Income Tax notice for defective returns or reassessment? 🧾 Don’t stress!
2026-10-11,2024-10-13,REELS,https://www.instagram.com/reel/DBDJ7WJKr9y/,36,0,0,4,0,4,When Donald Trump says ‘Hire a CA for Work’… and you’re left wondering if he mea
2026-10-11,2024-10-12,REELS,https://www.instagram.com/reel/DBAlIdOKm4t/,28,0,0,2,0,2,✨ Happy Dussehra 2024! ✨
2026-10-11,2024-10-11,REELS,https://www.instagram.com/reel/DA-AUJyKA4G/,130,0,2,5,0,3,📅 The Deadline Stress! 😅
2026-10-11,2024-10-10,FEED,https://www.instagram.com/p/DA7biTDqJZ4/,19,0,0,2,0,2,Filing your ITR is easier than you think – stay compliant and take control of yo
2026-10-11,2024-10-09,REELS,https://www.instagram.com/reel/DA4o_cKSZ6p/,18,0,0,2,0,2,✨ Wishing You a Joyous Durga Puja 2024! ✨
2026-10-11,2024-10-08,REELS,https://www.instagram.com/reel/DA2EQszqcI7/,26,0,0,3,0,3,"Climbing mountains isn’t just about reaching the summit, it’s about discovering "
2026-10-11,2024-10-07,REELS,https://www.instagram.com/reel/DAzmQPfqo1o/,53,0,0,1,0,1,Do you know the difference between a Chartered Accountant and a regular accounta
2026-10-11,2024-10-06,REELS,https://www.instagram.com/reel/DAvacBSKjPm/,36,0,0,8,0,8,“Let our clients do the talking ✨ Swipe through to see why they love us!”
2026-10-11,2024-10-05,REELS,https://www.instagram.com/reel/DAuV1vVy8Fg/,16,0,0,3,0,3,“Nothing makes us happier than seeing our clients’ smiles after meeting with Ruy
2026-10-11,2024-10-04,REELS,https://www.instagram.com/reel/DAsu2fxKWLw/,15,0,0,5,0,5,Have Some fun! Follow us
2026-10-11,2024-10-03,REELS,https://www.instagram.com/reel/DApuikdJWcs/,16,0,0,5,0,5,"“Celebrating the vibrant essence of Navratri! 🌸 9 days, 9 colors, each one symbo"
2026-10-11,2024-10-03,REELS,https://www.instagram.com/reel/DApMQfAK3VK/,12,0,0,5,0,5,“Wishing you all a Shubh Navratri! ✨ May the nine nights of devotion bring peace
2026-10-11,2024-10-02,FEED,https://www.instagram.com/p/DAmncQPq8qv/,9,0,0,5,0,5,"“On this Mahatma Gandhi Jayanti, let’s remember the values of peace, truth, and "
2026-10-11,2024-10-01,REELS,https://www.instagram.com/reel/DAliwSOKsRD/,13,0,0,4,0,4,Thinking about hiring a Chartered Accountant (CA) for your business? Here’s why 
2026-10-11,2024-10-01,REELS,https://www.instagram.com/reel/DAkQcCNSVnx/,12,0,0,5,0,5,Wondering how a Ruyan Corporate Services can help you with tax planning? Here’s 
