id,date,time,format,media,caption,status,posted_media_id,posted_at,error
2026-10-08-reel,2026-10-08,19:30,Reel,,"Seven things most new businesses forget in year one, and pay for later.

Save this and send it to a friend starting a business.

Enquiries: send us a message or call 7020570215.
General information only. Please consult a professional for your specific case.

#RuyanCorporateServices #SmallBusinessIndia #MSME #GST #Accounting",needs_video,,,
2026-10-09-carousel,2026-10-09,19:30,Carousel,2026-10-09-carousel-1.png;2026-10-09-carousel-2.png;2026-10-09-carousel-3.png;2026-10-09-carousel-4.png;2026-10-09-carousel-5.png;2026-10-09-carousel-6.png,"Selling goods to another state? Skip GST registration and you risk a penalty.

Swipe through to the end, and save it for later.

Save this for when your sales grow.

Enquiries: send us a message or call 7020570215.
General information only. Please consult a professional for your specific case.

#GST #GSTReturns #SmallBusinessIndia #MSME #Compliance",draft,,,
2026-10-10-static,2026-10-10,19:30,Static,2026-10-10-static.png,"Miss GSTR-1 on 11 October and a late fee starts the next day.

GSTR-1 11 Oct
GSTR-3B 20 Oct (monthly filers)
Late fee and interest apply
QRMP filers have different dates

Share this with whoever files your GST.

Enquiries: send us a message or call 7020570215.
General information only. Please consult a professional for your specific case.

#GST #GSTReturns #SmallBusinessIndia #MSME #Compliance",draft,,,
2026-10-11-reel,2026-10-11,19:30,Reel,,"Proprietorship, LLP or Private Limited: pick wrong and you pay for it later.

Comment which structure you run.

Enquiries: send us a message or call 7020570215.
General information only. Please consult a professional for your specific case.

#CompanyRegistration #StartupIndia #ROC #Udyam #MSME",needs_video,,,
2026-10-12-carousel,2026-10-12,19:30,Carousel,2026-10-12-carousel-1.png;2026-10-12-carousel-2.png;2026-10-12-carousel-3.png;2026-10-12-carousel-4.png;2026-10-12-carousel-5.png;2026-10-12-carousel-6.png;2026-10-12-carousel-7.png,"Pick the wrong tax regime and you overpay. Five questions to choose right.

Swipe through to the end, and save it for later.

Save this before you file.

Enquiries: send us a message or call 7020570215.
General information only. Please consult a professional for your specific case.

#IncomeTax #TaxPlanning #TDS #ITR #IndianBusiness",draft,,,
2026-10-13-reel,2026-10-13,19:30,Reel,,"Your bank balance is not your profit. Here is the difference.

Save this for month-end.

Enquiries: send us a message or call 7020570215.
General information only. Please consult a professional for your specific case.

#Accounting #Bookkeeping #SmallBusinessIndia #Finance #MSME",needs_video,,,
2026-10-14-carousel,2026-10-14,19:30,Carousel,2026-10-14-carousel-1.png;2026-10-14-carousel-2.png;2026-10-14-carousel-3.png;2026-10-14-carousel-4.png;2026-10-14-carousel-5.png;2026-10-14-carousel-6.png;2026-10-14-carousel-7.png;2026-10-14-carousel-8.png;2026-10-14-carousel-9.png;2026-10-14-carousel-10.png,"Missing one of these eight documents can stall your business loan.

Swipe through to the end, and save it for later.

Save this before you apply.

Enquiries: send us a message or call 7020570215.
General information only. Please consult a professional for your specific case.

#BusinessLoan #MSMELoan #Subsidy #StartupIndia #Finance",draft,,,
2026-10-15-reel,2026-10-15,19:30,Reel,,"Start the business before applying and some subsidy schemes will reject you.

Send this to someone planning a new unit.

Enquiries: send us a message or call 7020570215.
General information only. Please consult a professional for your specific case.

#BusinessLoan #MSMELoan #Subsidy #StartupIndia #Finance",needs_video,,,
2026-10-16-carousel,2026-10-16,19:30,Carousel,2026-10-16-carousel-1.png;2026-10-16-carousel-2.png;2026-10-16-carousel-3.png;2026-10-16-carousel-4.png;2026-10-16-carousel-5.png;2026-10-16-carousel-6.png;2026-10-16-carousel-7.png;2026-10-16-carousel-8.png;2026-10-16-carousel-9.png,"Missing one document can stall your company incorporation. Check these first.

Swipe through to the end, and save it for later.

Save this checklist.

Enquiries: send us a message or call 7020570215.
General information only. Please consult a professional for your specific case.

#CompanyRegistration #StartupIndia #ROC #Udyam #MSME",draft,,,
2026-10-17-reel,2026-10-17,19:30,Reel,,"Invest without this and one emergency can wipe out your savings.

Save this and check your own number.

Enquiries: send us a message or call 7020570215.
General information only. Please consult a professional for your specific case.

#PersonalFinance #InvestmentPlanning #SIP #FinancialPlanning #India",needs_video,,,
2026-10-18-static,2026-10-18,19:30,Static,2026-10-18-static.png,"Ask us a GST, tax or loan question. Best ones get a full post.

Question prompt card
We pick 3 questions for next week

Drop your question in the comments.

Enquiries: send us a message or call 7020570215.
General information only. Please consult a professional for your specific case.

#RuyanCorporateServices #SmallBusinessIndia #MSME #GST #Accounting",draft,,,
2026-10-19-reel,2026-10-19,19:30,Reel,,"Your purchase bill does not decide your input credit. GSTR-2B does.

Share this with your accounts person.

Enquiries: send us a message or call 7020570215.
General information only. Please consult a professional for your specific case.

#GST #GSTReturns #SmallBusinessIndia #MSME #Compliance",needs_video,,,
2026-10-20-static,2026-10-20,19:30,Static,2026-10-20-static.png,"GSTR-3B is due today, 20 October. Late filing means a fee and interest.

Due-today card
Late fee plus interest
Nil return still has to be filed

Share this with a friend who files GST.

Enquiries: send us a message or call 7020570215.
General information only. Please consult a professional for your specific case.

#GST #GSTReturns #SmallBusinessIndia #MSME #Compliance",draft,,,
2026-10-21-carousel,2026-10-21,19:30,Carousel,2026-10-21-carousel-1.png;2026-10-21-carousel-2.png;2026-10-21-carousel-3.png;2026-10-21-carousel-4.png;2026-10-21-carousel-5.png;2026-10-21-carousel-6.png;2026-10-21-carousel-7.png,"Skip yearly ROC filings and your company pays 100 rupees a day.

Swipe through to the end, and save it for later.

Save this compliance list.

Enquiries: send us a message or call 7020570215.
General information only. Please consult a professional for your specific case.

#CompanyRegistration #StartupIndia #ROC #Udyam #MSME",draft,,,
2026-10-22-reel,2026-10-22,19:30,Reel,,"Got an income tax notice? One wrong reply can cost you. Do this first.

Save this for when you need it.

Enquiries: send us a message or call 7020570215.
General information only. Please consult a professional for your specific case.

#IncomeTax #TaxPlanning #TDS #ITR #IndianBusiness",needs_video,,,
2026-10-23-carousel,2026-10-23,19:30,Carousel,2026-10-23-carousel-1.png;2026-10-23-carousel-2.png;2026-10-23-carousel-3.png;2026-10-23-carousel-4.png;2026-10-23-carousel-5.png;2026-10-23-carousel-6.png;2026-10-23-carousel-7.png,"Five mistakes that get a business loan application rejected.

Swipe through to the end, and save it for later.

Send this to someone applying for a loan.

Enquiries: send us a message or call 7020570215.
General information only. Please consult a professional for your specific case.

#BusinessLoan #MSMELoan #Subsidy #StartupIndia #Finance",draft,,,
2026-10-24-reel,2026-10-24,19:30,Reel,,"Three records every shop owner should keep, starting today.

Save this checklist.

Enquiries: send us a message or call 7020570215.
General information only. Please consult a professional for your specific case.

#Accounting #Bookkeeping #SmallBusinessIndia #Finance #MSME",needs_video,,,
2026-10-25-static,2026-10-25,19:30,Static,2026-10-25-static.png,"Business owners keep asking us these questions. Here are the answers.

Pick the 3 best questions from the Oct 18 box and DMs
One-line answer each

Send us your question for next week.

Enquiries: send us a message or call 7020570215.
General information only. Please consult a professional for your specific case.

#RuyanCorporateServices #SmallBusinessIndia #MSME #GST #Accounting",draft,,,
2026-10-26-reel,2026-10-26,19:30,Reel,,"SIP or lump sum? Your cash flow decides, not the market.

Save this and share with a colleague.

Enquiries: send us a message or call 7020570215.
General information only. Please consult a professional for your specific case.

#PersonalFinance #InvestmentPlanning #SIP #FinancialPlanning #India",needs_video,,,
2026-10-27-carousel,2026-10-27,19:30,Carousel,2026-10-27-carousel-1.png;2026-10-27-carousel-2.png;2026-10-27-carousel-3.png;2026-10-27-carousel-4.png;2026-10-27-carousel-5.png;2026-10-27-carousel-6.png,"Advance tax: miss it and you pay interest. Check this one number first.

Swipe through to the end, and save it for later.

Save this before 15 Dec.

Enquiries: send us a message or call 7020570215.
General information only. Please consult a professional for your specific case.

#IncomeTax #TaxPlanning #TDS #ITR #IndianBusiness",draft,,,
2026-10-28-reel,2026-10-28,19:30,Reel,,"Udyam registration is free. If someone charges you for it, ask why.

Send this to a small business owner.

Enquiries: send us a message or call 7020570215.
General information only. Please consult a professional for your specific case.

#CompanyRegistration #StartupIndia #ROC #Udyam #MSME",needs_video,,,
2026-10-29-carousel,2026-10-29,19:30,Carousel,2026-10-29-carousel-1.png;2026-10-29-carousel-2.png;2026-10-29-carousel-3.png;2026-10-29-carousel-4.png;2026-10-29-carousel-5.png;2026-10-29-carousel-6.png;2026-10-29-carousel-7.png,"Miss 31 October and TDS return late fees start at 200 rupees a day.

Swipe through to the end, and save it for later.

Share this with your accounts team.

Enquiries: send us a message or call 7020570215.
General information only. Please consult a professional for your specific case.

#IncomeTax #TaxPlanning #TDS #ITR #IndianBusiness",draft,,,
2026-10-30-reel,2026-10-30,19:30,Reel,,"Check these four things before you apply for any state subsidy.

Save this checklist.

Enquiries: send us a message or call 7020570215.
General information only. Please consult a professional for your specific case.

#BusinessLoan #MSMELoan #Subsidy #StartupIndia #Finance",needs_video,,,
2026-10-31-static,2026-10-31,19:30,Static,2026-10-31-static.png,"October recap and the compliance dates you cannot miss in November.

Top 3 posts by saves this month
November dates: 7 Nov TDS payment, 11 Nov GSTR-1, 20 Nov GSTR-3B
TDS Q2 returns due today

Follow for the November calendar.

Enquiries: send us a message or call 7020570215.
General information only. Please consult a professional for your specific case.

#RuyanCorporateServices #SmallBusinessIndia #MSME #GST #Accounting",draft,,,
